Workbook
Name IRR: #REF!
Name IRR: #REF!
Name IRR: #REF!
Name IRR: #REF!
Name IRR: #REF!
Name IRR: #REF!
Name Objects: OFFSET([1]Import!$A$2,0,0,2000,1)
Name PayBack: #REF!
Name PayBack: #REF!
Name PayBack: #REF!
Name PayBack: #REF!
Name PayBack: #REF!
Name PayBack: #REF!
Name PJ_End_Date: #REF!
Name PJ_End_Date: #REF!
Name PJ_End_Date: #REF!
Name PJ_End_Date: #REF!
Name PJ_End_Date: #REF!
Name PJ_End_Date: #REF!
Name PJ_Start_Date: #REF!
Name PJ_Start_Date: #REF!
Name PJ_Start_Date: #REF!
Name PJ_Start_Date: #REF!
Name PJ_Start_Date: #REF!
Name PJ_Start_Date: #REF!
Name PV_EVA: #REF!
Name PV_EVA: #REF!
Name PV_EVA: #REF!
Name PV_EVA: #REF!
Name PV_EVA: #REF!
Name PV_EVA: #REF!
Name RiskCriteria2: '[1]1_Business_Case'!$B$157
Name RiskCriteria3: '[1]1_Business_Case'!$B$158
Name RiskCriteria4: '[1]1_Business_Case'!$B$159
Name RiskCriteria5: '[1]1_Business_Case'!$B$160
Name RiskCriteria6: '[1]1_Business_Case'!$B$161
Name RiskCriteria7: '[1]1_Business_Case'!$B$162
Name Select_Type_of_Application_Impact: [2]Setting_IT!$F$2:$F$11
Name Total_Costs: #REF!
Name Total_Costs: #REF!
Name Total_Costs: #REF!
Name Total_Costs: #REF!
Name Total_Costs: #REF!
Name Total_Costs: #REF!
Name ValueCriteria4: '[1]1_Business_Case'!$B$141
Name ValueCriteria5: '[1]1_Business_Case'!$B$142
Name ValueCriteria6: '[1]1_Business_Case'!$B$143
Name ValueCriteria7: '[1]1_Business_Case'!$B$144
Name ValueCriteria8: '[1]1_Business_Case'!$B$145
Name VP: '[3]S.4 Demo - Data Validation'!$D$278:$D$288

Sheet Raw Data
K2: FTE's | X2: System Impact
A3: Project Name | B3: Type | C3: Anchor | D3: Status | E3: RYG Indicator | F3: Start Date | G3: End Date | H3: Revised Start | I3: Revised End | J3: Budget | K3: jan/12 | L3: fev/12 | M3: 40969 | N3: abr/12 | O3: mai/12 | P3: jun/12 | Q3: jul/12 | R3: ago/12 | S3: set/12 | T3: out/12 | U3: nov/12 | V3: dez/12 | W3: TOTAL | X3: BSCS | Y3: OFS | Z3: Single | AA3: Maestro | AB3: SFA | AC3: SFO | AD3: CRIVO | AE3: Gemco | AF3: MIT | AG3: Synchro | AH3: Network | AI3: Datacenter | AJ3: Security | AK3: Voice | AL3: EUC | AM3: Others | AN3: TOTAL | AO3: Dependencies
A4: 3G Anatel KPI | B4: 3G | C4: Yes | D4: In execution | E4: On Track | F4: Mar/12 | G4: R8 - Oct/12 | J4: 946096.25 | K4: 0 | L4: 7.418797 | M4: 11.839747 | N4: 6.3556614 | O4: 6.3201549 | P4: 6.250319 | Q4: 6.9376206 | R4: 6.976163 | S4: 2.7087809 | T4: 2.7395625 | U4: 2.7552171 | V4: 2.7710602 | W4: 63.073083 | Z4: X | AN4: 1 | AO4: No Dependencies
A5: 3G BI/DW (MIT) | B5: 3G | C5: Yes | D5: In execution | E5: On Track | F5: Dec/11 | G5: R7 - Jul/12 | I5: R - Oct/12 | J5: 1293531.3 | K5: 0 | L5: 21.462248 | M5: 10.609868 | N5: 10.550262 | O5: 10.491322 | P5: 10.375396 | Q5: 11.341657 | R5: 11.404667 | S5: 0 | T5: 0 | U5: 0 | V5: 0 | W5: 86.23542 | AF5: X | AN5: 1 | AO5: Oracle 11G BD01 + ASM
A6: 3G Bill Checkout | B6: 3G | C6: Yes | D6: In execution | E6: On Track | F6: TBD | G6: TBD | J6: 0 | K6: 0 | L6: 0 | M6: 0 | N6: 0 | O6: 0 | P6: 0 | Q6: 0 | R6: 0 | S6: 0 | T6: 0 | U6: 0 | V6: 0 | W6: 0 | AN6: 0 | AO6: PENDING DATA
A7: ^ DELETE ABOVE EXAMPLES

Sheet Planning Flow
F2: Step 1 | G2: Step 2 | H2: Step 3 | K2: Step 4 | N2: Step 5 | Q2: Step 6
A3: Project Name | B3: 3G? | C3: Anchor? | D3: Status | E3: Baseline Release | F3: Anchors & Constraints | G3: Project Status | H3: System Impacts | I3: Proposed Release | J3: Dependencies | K3: Resource Loading | L3: Target Release | M3: Dependencies | N3: Risk Normalization | O3: Target Release | P3: Dependencies | Q3: IT Validation | R3: Business Validation
A4: 3G Anatel KPI | B4: 3G | C4: Yes | D4: On Track | E4: 08 - Oct/12 | F4: Anchor | G4: On Track | H4: Major Candidate | I4: 12 - Major - 02/13 | J4: No Dependencies | N4: No Change | O4: 12 - Major - 02/13 | P4: =J4 -> No Dependencies
A5: 3G BI/DW (MIT) | B5: 3G | C5: Yes | D5: On Track | E5: 05 - Jul/12 | F5: Anchor | G5: On Track | H5: Minor Candidate | I5: 09 - Major - 11/12 | J5: Oracle 11G BD01 + ASM | N5: No Change | O5: 09 - Major - 11/12 | P5: =J5 -> Oracle 11G BD01 + ASM
A6: 3G Bill Checkout | B6: 3G | C6: Yes | D6: On Track | E6: 0 - TBD | F6: Anchor | G6: On Track | H6: Minor Candidate | I6: 09 - Major - 11/12 | J6: PENDING DATA | N6: No Change | O6: 09 - Major - 11/12 | P6: =J6 -> PENDING DATA
A7: ^ DELETE ABOVE EXAMPLES

Sheet Release Cadence
A1: PROPOSED RELEASE NAMES / TYPE
A3: # | B3: Release Name | C3: Type | D3: Target Date | E3: Name / Theme | F3: Capabilities Impacted
A4: 01 | B4: =CONCATENATE(A4," - ",C4," - ",TEXT(D4,"mm/yy")) -> 01 - Major - 03/12 | C4: Major | D4: 40983
A5: 02 | B5: =CONCATENATE(A5," - ",C5," - ",TEXT(D5,"mm/yy")) -> 02 - Minor - 04/12 | C5: Minor | D5: 41014
A6: 03 | B6: =CONCATENATE(A6," - ",C6," - ",TEXT(D6,"mm/yy")) -> 03 - Fix - 05/12 | C6: Fix | D6: 41044
A7: 04 | B7: =CONCATENATE(A7," - ",C7," - ",TEXT(D7,"mm/yy")) -> 04 - - 06/12 | D7: 41075
A8: 05 | B8: =CONCATENATE(A8," - ",C8," - ",TEXT(D8,"mm/yy")) -> 05 - - 07/12 | D8: 41105
A9: 06 | B9: =CONCATENATE(A9," - ",C9," - ",TEXT(D9,"mm/yy")) -> 06 - - 08/12 | D9: 41136
A10: 07 | B10: =CONCATENATE(A10," - ",C10," - ",TEXT(D10,"mm/yy")) -> 07 - - 09/12 | D10: 41167
A11: 08 | B11: =CONCATENATE(A11," - ",C11," - ",TEXT(D11,"mm/yy")) -> 08 - - 10/12 | D11: 41197
A12: 09 | B12: =CONCATENATE(A12," - ",E12," - ",TEXT(D12,"mm/yy")) -> 09 - - 11/12 | D12: 41228
A13: 10 | B13: =CONCATENATE(A13," - ",C13," - ",TEXT(D13,"mm/yy")) -> 10 - - 12/12 | D13: 41258
A14: 11 | B14: =CONCATENATE(A14," - ",C14," - ",TEXT(D14,"mm/yy")) -> 11 - - 01/13 | D14: 41289
A15: 12 | B15: =CONCATENATE(A15," - ",C15," - ",TEXT(D15,"mm/yy")) -> 12 - - 02/13 | D15: 41320
A16: 13 | B16: =CONCATENATE(A16," - ",C16," - ",TEXT(D16,"mm/yy")) -> 13 - - 03/13 | D16: 41348
A17: 14 | B17: =CONCATENATE(A17," - ",C17," - ",TEXT(D17,"mm/yy")) -> 14 - - 04/13 | D17: 41379
A18: 15 | B18: =CONCATENATE(A18," - ",C18," - ",TEXT(D18,"mm/yy")) -> 15 - - 05/13 | D18: 41409
A19: 16 | B19: =CONCATENATE(A19," - ",C19," - ",TEXT(D19,"mm/yy")) -> 16 - - 06/13 | D19: 41440
A20: 17 | B20: =CONCATENATE(A20," - ",C20," - ",TEXT(D20,"mm/yy")) -> 17 - - 07/13 | D20: 41470
A21: 18 | B21: =CONCATENATE(A21," - ",C21," - ",TEXT(D21,"mm/yy")) -> 18 - - 08/13 | D21: 41501
A22: 19 | B22: =CONCATENATE(A22," - ",C22," - ",TEXT(D22,"mm/yy")) -> 19 - - 09/13 | D22: 41532
A23: 20 | B23: =CONCATENATE(A23," - ",C23," - ",TEXT(D23,"mm/yy")) -> 20 - - 10/13 | D23: 41562
A24: 21 | B24: =CONCATENATE(A24," - ",C24," - ",TEXT(D24,"mm/yy")) -> 21 - - 11/13 | D24: 41593

Sheet Data Staging_Systems
C2: Step 1 | D2: Step 2 | E2: Step 3 | G2: Systems Impact
A3: Project Name | B3: Baseline Release | C3: Anchors & Constraints | D3: Project Status | E3: System Impacts | F3: Proposed Release | G3: System 1 | H3: System 2 | I3: System 3 | J3: System 4 | K3: System 5 | L3: System 6 | M3: System 7 | N3: System 8 | O3: System 9 | P3: System 10 | Q3: Others | R3: TOTAL | S3: Dependencies
A4: 3G Anatel KPI | B4: =VLOOKUP($A4,'Planning Flow'!$A:$G,5,FALSE) -> 08 - Oct/12 | C4: =VLOOKUP($A4,'Planning Flow'!$A:$G,6,FALSE) -> Anchor | D4: =VLOOKUP($A4,'Planning Flow'!$A:$G,7,FALSE) -> On Track | E4: Major Candidate | F4: 12 - Major - 02/13 | G4: 0 | H4: 0 | I4: X | J4: 0 | K4: 0 | L4: 0 | M4: 0 | N4: 0 | O4: 0 | P4: 0 | Q4: 0 | R4: 1 | S4: =VLOOKUP(A4,'Raw Data'!A:AO,41,FALSE) -> No Dependencies
A5: 3G BI/DW (MIT) | B5: =VLOOKUP(A5,'Planning Flow'!A:G,5,FALSE) -> 05 - Jul/12 | C5: =VLOOKUP($A5,'Planning Flow'!$A:$G,6,FALSE) -> Anchor | D5: =VLOOKUP($A5,'Planning Flow'!$A:$G,7,FALSE) -> On Track | E5: Minor Candidate | F5: 09 - Major - 11/12 | G5: 0 | H5: 0 | I5: 0 | J5: 0 | K5: 0 | L5: 0 | M5: 0 | N5: 0 | O5: X | P5: 0 | Q5: 0 | R5: 1 | S5: =VLOOKUP(A5,'Raw Data'!A:AO,41,FALSE) -> Oracle 11G BD01 + ASM
A6: 3G Bill Checkout | B6: =VLOOKUP(A6,'Planning Flow'!A:G,5,FALSE) -> 0 - TBD | C6: =VLOOKUP($A6,'Planning Flow'!$A:$G,6,FALSE) -> Anchor | D6: =VLOOKUP($A6,'Planning Flow'!$A:$G,7,FALSE) -> On Track | E6: Minor Candidate | F6: 09 - Major - 11/12 | G6: 0 | H6: 0 | I6: 0 | J6: 0 | K6: 0 | L6: 0 | M6: 0 | N6: 0 | O6: 0 | P6: 0 | Q6: 0 | R6: 0 | S6: =VLOOKUP(A6,'Raw Data'!A:AO,41,FALSE) -> PENDING DATA
A7: ^ DELETE ABOVE EXAMPLES
G9: =COUNTA(G4:G8) -> 3 | H9: =COUNTA(H4:H8) -> 3 | I9: =COUNTA(I4:I8) -> 3 | J9: =COUNTA(J4:J8) -> 3 | K9: =COUNTA(K4:K8) -> 3 | L9: =COUNTA(L4:L8) -> 3 | M9: =COUNTA(M4:M8) -> 3 | N9: =COUNTA(N4:N8) -> 3 | ... R9: =COUNTA(R4:R8) -> 3

Sheet Data Staging_Resources
L1: Minor | M1: Minor | T1: Major
C2: Step 1 | D2: Step 2 | E2: Step 3 | G2: Step 4 | J2: 2012 | K2: 2012 | L2: 2012 | M2: 2012 | N2: 2012 | O2: 2012 | P2: 2012 | Q2: 2012 | R2: 2012 | S2: 2012 | T2: 2012 | U2: 2012 | V2: 2013 | W2: 2013 | X2: 2013
A3: Project Name | B3: Baseline Release | C3: Anchors & Constraints | D3: Project Status | E3: System Impacts | F3: Proposed Release | G3: Resource Loading | H3: Target Release | I3: Dependencies | J3: Jan | K3: Feb | L3: Mar | M3: Apr | N3: May | O3: Jun | P3: Jul | Q3: Aug | R3: Sep | S3: Oct | T3: Nov | U3: Dec | V3: Jan | W3: Feb | X3: Mar | Y3: Dependencies
A4: 3G Anatel KPI | B4: =VLOOKUP($A4,'Planning Flow'!$A:$J,5,FALSE) -> 08 - Oct/12 | C4: =VLOOKUP($A4,'Planning Flow'!$A:$J,6,FALSE) -> Anchor | D4: =VLOOKUP($A4,'Planning Flow'!$A:$J,7,FALSE) -> On Track | E4: =VLOOKUP($A4,'Planning Flow'!$A:$J,8,FALSE) -> Major Candidate | F4: =VLOOKUP($A4,'Planning Flow'!$A:$J,9,FALSE) -> 12 - Major - 02/13 | J4: 0 | K4: 7.418797 | L4: 11.839747 | M4: 6.3556614 | N4: 6.3201549 | O4: 6.250319 | P4: 6.9376206 | Q4: 6.976163 | R4: 2.7087809 | S4: 2.7395625 | T4: 2.7552171 | Y4: No Dependencies
A5: 3G BI/DW (MIT) | B5: =VLOOKUP(A5,'Planning Flow'!A:J,5,FALSE) -> 05 - Jul/12 | C5: =VLOOKUP($A5,'Planning Flow'!$A:$J,6,FALSE) -> Anchor | D5: =VLOOKUP($A5,'Planning Flow'!$A:$J,7,FALSE) -> On Track | E5: =VLOOKUP($A5,'Planning Flow'!$A:$J,8,FALSE) -> Minor Candidate | F5: =VLOOKUP($A5,'Planning Flow'!$A:$J,9,FALSE) -> 09 - Major - 11/12 | J5: 0 | K5: 21.462248 | L5: 10.609868 | M5: 10.550262 | N5: 10.491322 | O5: 10.375396 | P5: 11.341657 | Q5: 11.404667 | R5: 0 | S5: 0 | T5: 0 | Y5: Oracle 11G BD01 + ASM
A6: 3G Bill Checkout | B6: =VLOOKUP(A6,'Planning Flow'!A:J,5,FALSE) -> 0 - TBD | C6: =VLOOKUP($A6,'Planning Flow'!$A:$J,6,FALSE) -> Anchor | D6: =VLOOKUP($A6,'Planning Flow'!$A:$J,7,FALSE) -> On Track | E6: =VLOOKUP($A6,'Planning Flow'!$A:$J,8,FALSE) -> Minor Candidate | F6: =VLOOKUP($A6,'Planning Flow'!$A:$J,9,FALSE) -> 09 - Major - 11/12 | J6: 0 | K6: 0 | L6: 0 | M6: 0 | N6: 0 | O6: 0 | P6: 0 | Q6: 0 | R6: 0 | S6: 0 | T6: 0 | Y6: PENDING DATA
A7: ^ DELETE ABOVE EXAMPLES
I9: TOTALS | J9: =SUM(J4:J8) -> 0 | K9: =SUM(K4:K8) -> 28.881045 | L9: =SUM(L4:L8) -> 22.449615 | M9: =SUM(M4:M8) -> 16.905924 | N9: =SUM(N4:N8) -> 16.811477 | O9: =SUM(O4:O8) -> 16.625715 | P9: =SUM(P4:P8) -> 18.279278 | Q9: =SUM(Q4:Q8) -> 18.38083 | ... X9: =SUM(X4:X8) -> 0
I10: BASELINE

Sheet Data Staging_Risk
L1: 1 | M1: 1 | N1: 1 | O1: 1 | P1: WEIGHT
L2: 1000000 | M2: 30 | N2: 2 | O2: 1 | P2: UPPER LIMIT
C3: Step 1 | D3: Step 2 | E3: Step 3 | G3: Step 4 | I3: Step 5 | L3: 250000 | M3: 20 | N3: 1 | O3: 0 | P3: LOWER LIMIT
A4: Project Name | B4: Baseline Release | C4: Anchors & Constraints | D4: Project Status | E4: System Impacts | F4: Proposed Release | G4: Resource Loading | H4: Target Release | I4: Risk Normalization | J4: Target Release | K4: Dependencies | L4: Budget | M4: FTE's | N4: System Impact | O4: Dependencies | P4: TOTAL RISK SCORE
A5: 3G Anatel KPI | B5: =VLOOKUP($A5,'Planning Flow'!$A:$M,5,FALSE) -> 08 - Oct/12 | C5: =VLOOKUP($A5,'Planning Flow'!$A:$M,6,FALSE) -> Anchor | D5: =VLOOKUP($A5,'Planning Flow'!$A:$M,7,FALSE) -> On Track | E5: =VLOOKUP($A5,'Planning Flow'!$A:$M,8,FALSE) -> Major Candidate | F5: =VLOOKUP($A5,'Planning Flow'!$A:$M,9,FALSE) -> 12 - Major - 02/13 | G5: =VLOOKUP($A5,'Planning Flow'!$A:$M,11,FALSE) -> 0 | H5: =VLOOKUP($A5,'Planning Flow'!$A:$M,12,FALSE) -> 0 | J5: =VLOOKUP($A5,'Planning Flow'!$A:$M,9,FALSE) -> 12 - Major - 02/13 | L5: 946096.25 | M5: 63.073083 | N5: 1 | O5: 1 | P5: =(L$1*IF(ISBLANK(L5),3,IF(L5>L$2,5,IF(L5<=L$3,1,3)))+M$1*IF(ISBLANK(M5),3,IF(M5>M$2,5,IF(M5<=M$3,1,3)))+N$1*IF(ISBLANK(N5),3,IF(N5>N$2,5,IF(N5<=N$3,1,3)))+O$1*IF(ISBLANK(O5),3,IF(O5>O$2,5,IF(O5<=O$3,1,3)))) -> 12
A6: 3G BI/DW (MIT) | B6: =VLOOKUP($A6,'Planning Flow'!$A:$M,5,FALSE) -> 05 - Jul/12 | C6: =VLOOKUP($A6,'Planning Flow'!$A:$M,6,FALSE) -> Anchor | D6: =VLOOKUP($A6,'Planning Flow'!$A:$M,7,FALSE) -> On Track | E6: =VLOOKUP($A6,'Planning Flow'!$A:$M,8,FALSE) -> Minor Candidate | F6: =VLOOKUP($A6,'Planning Flow'!$A:$M,9,FALSE) -> 09 - Major - 11/12 | G6: =VLOOKUP($A6,'Planning Flow'!$A:$M,11,FALSE) -> 0 | H6: =VLOOKUP($A6,'Planning Flow'!$A:$M,12,FALSE) -> 0 | J6: =VLOOKUP($A6,'Planning Flow'!$A:$M,9,FALSE) -> 09 - Major - 11/12 | L6: 1293531.3 | M6: 86.23542 | N6: 1 | O6: 1 | P6: =(L$1*IF(ISBLANK(L6),3,IF(L6>L$2,5,IF(L6<=L$3,1,3)))+M$1*IF(ISBLANK(M6),3,IF(M6>M$2,5,IF(M6<=M$3,1,3)))+N$1*IF(ISBLANK(N6),3,IF(N6>N$2,5,IF(N6<=N$3,1,3)))+O$1*IF(ISBLANK(O6),3,IF(O6>O$2,5,IF(O6<=O$3,1,3)))) -> 14 | R6: Row Labels | S6: Sum of TOTAL RISK SCORE
A7: 3G Bill Checkout | B7: =VLOOKUP($A7,'Planning Flow'!$A:$M,5,FALSE) -> 0 - TBD | C7: =VLOOKUP($A7,'Planning Flow'!$A:$M,6,FALSE) -> Anchor | D7: =VLOOKUP($A7,'Planning Flow'!$A:$M,7,FALSE) -> On Track | E7: =VLOOKUP($A7,'Planning Flow'!$A:$M,8,FALSE) -> Minor Candidate | F7: =VLOOKUP($A7,'Planning Flow'!$A:$M,9,FALSE) -> 09 - Major - 11/12 | G7: =VLOOKUP($A7,'Planning Flow'!$A:$M,11,FALSE) -> 0 | H7: =VLOOKUP($A7,'Planning Flow'!$A:$M,12,FALSE) -> 0 | J7: =VLOOKUP($A7,'Planning Flow'!$A:$M,9,FALSE) -> 09 - Major - 11/12 | L7: 0 | M7: 0 | N7: 0 | P7: =(L$1*IF(ISBLANK(L7),3,IF(L7>L$2,5,IF(L7<=L$3,1,3)))+M$1*IF(ISBLANK(M7),3,IF(M7>M$2,5,IF(M7<=M$3,1,3)))+N$1*IF(ISBLANK(N7),3,IF(N7>N$2,5,IF(N7<=N$3,1,3)))+O$1*IF(ISBLANK(O7),3,IF(O7>O$2,5,IF(O7<=O$3,1,3)))) -> 6 | R7: 09 - Major - 11/12 | S7: 20
A8: ^ DELETE ABOVE EXAMPLES | R8: 12 - Major - 02/13 | S8: 12
R9: One for each Release
A10: Placeholder | B10: One for each Release | F10: One for each Release | H10: One for each Release | J10: One for each Release | R10: (blank)
A11: ^ Use to ensure inclusion in pivot | R11: Grand Total | S11: 32
